{"sane": true, "normalizes": true, "log_prob": -887.59716796875, "avg_log_prob": -1.7751943359375, "perplexity": 5.901427884408729}